Bachelor,Angewandte Fremdsprachen,PH
Bachelor,Angewandte Fremdsprachen,PH
Bachelor,Betriebswirtschaftslehre,WW
Bachelor,Business Administration and Economics,WW
Bachelor,Business Administration and Economics,WW
Bachelor,Business Administration and Economics,WW
Bachelor,Computerlinguistik,PH
Bachelor,Elektrotechnik,MI
Bachelor,European Studies,PH
Bachelor,European Studies,PH
Bachelor,European Studies,PH
Bachelor,European Studies Major,PH
Bachelor,European Studies Major,PH
Bachelor,Historische Kulturwissenschaften,PH
Bachelor,Informatik,MI
Bachelor,Informatik,MI
Bachelor,Informatik,MI
Bachelor,Intelligente technische Systeme,MI
Bachelor,International Cultural and Business Studies,PH
Bachelor,International Cultural and Business Studies,PH
Bachelor,Internet Computing,MI
Bachelor,Internet Computing,MI
Bachelor,Mathematik,MI
Bachelor,Mathematik,MI
Bachelor,Medien und Design,MI
Bachelor,Medien und Design,MI
Bachelor,Medien und Kommunikation,PH
Bachelor,Medien und Kommunikation,PH
Bachelor,Medien und Kommunikation,PH
Bachelor,Medizinische Informatik,MI
Bachelor,Medizinische Informatik,MI
Bachelor,Mobile und Eingebettete Systeme,MI
Bachelor,Philosophie,MI
Bachelor,Philosophie,PH
Bachelor,Psychologie,PH
Bachelor,Psychologie,PH
Bachelor,Psychologie,PH
Bachelor,Rechtswissenschaft,JU
Bachelor,Sprach- und Textwissenschaften,PH
Bachelor,Sprach- und Textwissenschaften,PH
Bachelor,Sprach- und Textwissenschaften,PH
Bachelor,Staatswissenschaft,PH
Bachelor,Staatswissenschaft,PH
Bachelor,Staatswissenschaft frei,PH
Bachelor,Statistik,WW
Bachelor,Wirtschaftsinformatik,WW
Bachelor,Wirtschaftsinformatik,WW
Bachelor,Wirtschaftsinformatik,WW
Bachelor,Wirtschaftsinformatik,WW
Bachelor,Wirtschaftswissenschaften,WW
Bachelor Realschule,Deutsch,PH
Bachelor Realschule,Deutsch,PH
Bachelor Realschule,Deutsch,PH
Bachelor Realschule,Deutsch,PH
Bachelor Realschule,Deutsch,PH
Bachelor Realschule,Deutsch,PH
Bachelor Realschule,Englisch,PH
Bachelor Realschule,Englisch,PH
Bachelor Realschule,Englisch,PH
Bachelor Realschule,Englisch,PH
Bachelor Realschule,Englisch,PH
Bachelor Realschule,Englisch,PH
Bachelor Realschule,Erdkunde,PH
Bachelor Realschule,Erdkunde,PH
Bachelor Realschule,Erdkunde,PH
Bachelor Realschule,Erdkunde,PH
Bachelor Realschule,Erdkunde,PH
Bachelor Realschule,Ethik,PH
Bachelor Realschule,Ethik,PH
Bachelor Realschule,Ethik,PH
Bachelor Realschule,Ethik,PH
Bachelor Realschule,Französisch,PH
Bachelor Realschule,Französisch,PH
Bachelor Realschule,Französisch,PH
Bachelor Realschule,Französisch,PH
Bachelor Realschule,Französisch,PH
Bachelor Realschule,Geographie,PH
Bachelor Realschule,Geographie,PH
Bachelor Realschule,Geographie,PH
Bachelor Realschule,Geschichte,PH
Bachelor Realschule,Geschichte,PH
Bachelor Realschule,Geschichte,PH
Bachelor Realschule,Geschichte,PH
Bachelor Realschule,Geschichte,PH
Bachelor Realschule,Geschichte,PH
Bachelor Realschule,Informatik,MI
Bachelor Realschule,Informatik,MI
Bachelor Realschule,Informatik,MI
Bachelor Realschule,Informatik,MI
Bachelor Realschule,Informatik,MI
Bachelor Realschule,Informatik,MI
Bachelor Realschule,Katholische Religionslehre,KT
Bachelor Realschule,Katholische Religionslehre,KT
Bachelor Realschule,Katholische Religionslehre,KT
Bachelor Realschule,Katholische Religionslehre,KT
Bachelor Realschule,Katholische Religionslehre,KT
Bachelor Realschule,Katholische Religionslehre,KT
Bachelor Realschule,Kunsterziehung,PH
Bachelor Realschule,Kunsterziehung,PH
Bachelor Realschule,Kunsterziehung,PH
Bachelor Realschule,Kunsterziehung,PH
Bachelor Realschule,Kunsterziehung,PH
Bachelor Realschule,Kunsterziehung,PH
Bachelor Realschule,Lehramt,PH
Bachelor Realschule,Lehramt,PH
Bachelor Realschule,Lehramt,PH
Bachelor Realschule,Mathematik,MI
Bachelor Realschule,Mathematik,MI
Bachelor Realschule,Mathematik,MI
Bachelor Realschule,Sozialkunde,PH
Bachelor Realschule,Sozialkunde,PH
Bachelor Realschule,Sozialkunde,PH
Bachelor Realschule,Sozialkunde,PH
Bachelor Realschule,Sozialkunde,PH
Bachelor Realschule,Sozialkunde,PH
Bachelor Realschule,Wirtschaftswissenschaften,WW
Bachelor Realschule,Wirtschaftswissenschaften,WW
Bachelor Realschule,Wirtschaftswissenschaften,WW
Bachelor Realschule,Wirtschaftswissenschaften,WW
Bachelor Realschule,Wirtschaftswissenschaften,WW
Bachelor Realschule,Wirtschaftswissenschaften,WW
DSH Prüfung,Deutsch Vorbereitung,PH
Diplom,Angewandte Fremdsprachen,PH
Diplom,Angewandte Fremdsprachen,PH
Diplom,Betriebswirtschaftslehre,WW
Diplom,Caritaswissenschaften,KT
Diplom,Computerlinguistik,PH
Diplom,Computerlinguistik,PH
Diplom,Elektrotechnik,MI
Diplom,Elektrotechnik,MI
Diplom,Geographie,PH
Diplom,Geographie,PH
Diplom,Informatik,MI
Diplom,Informatik,MI
Diplom,Katholische Theologie,KT
Diplom,Kuwiquer,PH
Diplom,Mathematik,MI
Diplom,Mathematik,MI
Diplom,Medien und Design,MI
Diplom,Medien und Design,MI
Diplom,Medizinische Informatik,MI
Diplom,Philosophie,PH
Diplom,Philosophie,PH
Diplom,Psychologie,PH
Diplom,Psychologie,PH
Diplom,Pädagogik,PH
Diplom,Rechtswissenschaft,JU
Diplom,Rechtswissenschaft,JU
Diplom,"Sprachen,Wirtschaft und Kulturraumwissenschaften",PH
Diplom,Statistik,WW
Diplom,Statistik,WW
Diplom,Südostasienkunde,PH
Diplom,Volkswirtschaftslehre,WW
Diplom,Wirtschaftswissenschaften,WW
Diplom,Wirtschaftswissenschaften,WW
Diplom,Zusatzqualifikation BWL,WW
Diplom,Zusatzqualifikation Informatik,MI
Diplom,Zusatzqualifikation Kulturwirt,PH
Diplom,Zusatzqualifikation VWL,WW
Lehramt Grundschule,Akkordeon,PH
Lehramt Grundschule,Akkordeon,PH
Lehramt Grundschule,Akkordeon,PH
Lehramt Grundschule,Arbeitswirtschaftslehre,PH
Lehramt Grundschule,Biologie,PH
Lehramt Grundschule,Biologie,PH
Lehramt Grundschule,Biologie,PH
Lehramt Grundschule,Biologie,PH
Lehramt Grundschule,Biologie,PH
Lehramt Grundschule,Biologie,PH
Lehramt Grundschule,Chemie,PH
Lehramt Grundschule,Chemie,PH
Lehramt Grundschule,Deutsch,PH
Lehramt Grundschule,Deutsch,PH
Lehramt Grundschule,Deutsch,PH
Lehramt Grundschule,Deutsch,PH
Lehramt Grundschule,Deutsch,PH
Lehramt Grundschule,Deutsch,PH
Lehramt Grundschule,Deutsch,PH
Lehramt Grundschule,Deutsch,PH
Lehramt Grundschule,Deutsch,PH
Lehramt Grundschule,Didaktik Grundschule,PH
Lehramt Grundschule,Didaktik Grundschule,PH
Lehramt Grundschule,Didaktik Grundschule,PH
Lehramt Grundschule,Englisch,PH
Lehramt Grundschule,Englisch,PH
Lehramt Grundschule,Englisch,PH
Lehramt Grundschule,Englisch,PH
Lehramt Grundschule,Englisch,PH
Lehramt Grundschule,Englisch,PH
Lehramt Grundschule,Englisch,PH
Lehramt Grundschule,Englisch,PH
Lehramt Grundschule,Englisch,PH
Lehramt Grundschule,Erdkunde,PH
Lehramt Grundschule,Erdkunde,PH
Lehramt Grundschule,Erdkunde,PH
Lehramt Grundschule,Erdkunde,PH
Lehramt Grundschule,Erdkunde,PH
Lehramt Grundschule,Erdkunde,PH
Lehramt Grundschule,Ethik,PH
Lehramt Grundschule,Ethik,PH
Lehramt Grundschule,Ethik,PH
Lehramt Grundschule,Ethik,PH
Lehramt Grundschule,Ethik,PH
Lehramt Grundschule,Evangelische Theologie,PH
Lehramt Grundschule,Evangelische Theologie,PH
Lehramt Grundschule,Flöte,PH
Lehramt Grundschule,Geige,PH
Lehramt Grundschule,Geographie,PH
Lehramt Grundschule,Geographie,PH
Lehramt Grundschule,Geographie,PH
Lehramt Grundschule,Geographie,PH
Lehramt Grundschule,Geographie,PH
Lehramt Grundschule,Geographie,PH
Lehramt Grundschule,Geschichte,PH
Lehramt Grundschule,Geschichte,PH
Lehramt Grundschule,Geschichte,PH
Lehramt Grundschule,Geschichte,PH
Lehramt Grundschule,Geschichte,PH
Lehramt Grundschule,Geschichte,PH
Lehramt Grundschule,Geschichte,PH
Lehramt Grundschule,Geschichte,PH
Lehramt Grundschule,Geschichte,PH
Lehramt Grundschule,Gitarre,PH
Lehramt Grundschule,Gitarre,PH
Lehramt Grundschule,Gitarre,PH
Lehramt Grundschule,Informatik,MI
Lehramt Grundschule,Informatik,MI
Lehramt Grundschule,Informatik,MI
Lehramt Grundschule,Informatik,MI
Lehramt Grundschule,Katholische Religionslehre,KT
Lehramt Grundschule,Katholische Religionslehre,KT
Lehramt Grundschule,Katholische Religionslehre,KT
Lehramt Grundschule,Katholische Religionslehre,KT
Lehramt Grundschule,Katholische Religionslehre,KT
Lehramt Grundschule,Katholische Religionslehre,KT
Lehramt Grundschule,Katholische Religionslehre,KT
Lehramt Grundschule,Katholische Religionslehre,KT
Lehramt Grundschule,Katholische Religionslehre,KT
Lehramt Grundschule,Klavier,PH
Lehramt Grundschule,Klavier,PH
Lehramt Grundschule,Klavier,PH
Lehramt Grundschule,Kunsterziehung,PH
Lehramt Grundschule,Kunsterziehung,PH
Lehramt Grundschule,Kunsterziehung,PH
Lehramt Grundschule,Kunsterziehung,PH
Lehramt Grundschule,Kunsterziehung,PH
Lehramt Grundschule,Kunsterziehung,PH
Lehramt Grundschule,Kunsterziehung,PH
Lehramt Grundschule,Kunsterziehung,PH
Lehramt Grundschule,Kunsterziehung,PH
Lehramt Grundschule,Lehramt,PH
Lehramt Grundschule,Lehramt,PH
Lehramt Grundschule,Mathematik,MI
Lehramt Grundschule,Mathematik,MI
Lehramt Grundschule,Mathematik,MI
Lehramt Grundschule,Mathematik,MI
Lehramt Grundschule,Mathematik,MI
Lehramt Grundschule,Mathematik,MI
Lehramt Grundschule,Mathematik,MI
Lehramt Grundschule,Mathematik,MI
Lehramt Grundschule,Musikerziehung,PH
Lehramt Grundschule,Musikerziehung,PH
Lehramt Grundschule,Musikerziehung,PH
Lehramt Grundschule,Musikerziehung,PH
Lehramt Grundschule,Musikerziehung,PH
Lehramt Grundschule,Musikerziehung,PH
Lehramt Grundschule,Orgel,PH
Lehramt Grundschule,Orgel,PH
Lehramt Grundschule,Orgel,PH
Lehramt Grundschule,Physik,PH
Lehramt Grundschule,Physik,PH
Lehramt Grundschule,Sozialkunde,PH
Lehramt Grundschule,Sozialkunde,PH
Lehramt Grundschule,Sozialkunde,PH
Lehramt Grundschule,Sozialkunde,PH
Lehramt Grundschule,Sozialkunde,PH
Lehramt Grundschule,Sozialkunde,PH
Lehramt Grundschule,Sozialkunde,PH
Lehramt Grundschule,Sozialkunde,PH
Lehramt Grundschule,Sozialkunde,PH
Lehramt Grundschule,Sport,PH
Lehramt Grundschule,Sport,PH
Lehramt Grundschule,Sport,PH
Lehramt Grundschule,Sport,PH
Lehramt Grundschule,Sport,PH
Lehramt Grundschule,Sport,PH
Lehramt Grundschule,Sport,PH
Lehramt Grundschule,Sport,PH
Lehramt Grundschule,Trommel,PH
Lehramt Gymnasium,Deutsch,PH
Lehramt Gymnasium,Deutsch,PH
Lehramt Gymnasium,Deutsch,PH
Lehramt Gymnasium,Deutsch,PH
Lehramt Gymnasium,Deutsch,PH
Lehramt Gymnasium,Deutsch,PH
Lehramt Gymnasium,Deutsch,PH
Lehramt Gymnasium,Englisch,PH
Lehramt Gymnasium,Englisch,PH
Lehramt Gymnasium,Englisch,PH
Lehramt Gymnasium,Englisch,PH
Lehramt Gymnasium,Englisch,PH
Lehramt Gymnasium,Englisch,PH
Lehramt Gymnasium,Englisch,PH
Lehramt Gymnasium,Erdkunde,PH
Lehramt Gymnasium,Erdkunde,PH
Lehramt Gymnasium,Erdkunde,PH
Lehramt Gymnasium,Erdkunde,PH
Lehramt Gymnasium,Erdkunde,PH
Lehramt Gymnasium,Französisch,PH
Lehramt Gymnasium,Französisch,PH
Lehramt Gymnasium,Französisch,PH
Lehramt Gymnasium,Französisch,PH
Lehramt Gymnasium,Französisch,PH
Lehramt Gymnasium,Französisch,PH
Lehramt Gymnasium,Geographie,PH
Lehramt Gymnasium,Geographie,PH
Lehramt Gymnasium,Geographie,PH
Lehramt Gymnasium,Geographie,PH
Lehramt Gymnasium,Geschichte,PH
Lehramt Gymnasium,Geschichte,PH
Lehramt Gymnasium,Geschichte,PH
Lehramt Gymnasium,Geschichte,PH
Lehramt Gymnasium,Geschichte,PH
Lehramt Gymnasium,Geschichte,PH
Lehramt Gymnasium,Geschichte,PH
Lehramt Gymnasium,Informatik,MI
Lehramt Gymnasium,Informatik,MI
Lehramt Gymnasium,Informatik,MI
Lehramt Gymnasium,Informatik,MI
Lehramt Gymnasium,Informatik,MI
Lehramt Gymnasium,Informatik,MI
Lehramt Gymnasium,Katholische Religionslehre,KT
Lehramt Gymnasium,Katholische Religionslehre,KT
Lehramt Gymnasium,Katholische Religionslehre,KT
Lehramt Gymnasium,Katholische Religionslehre,KT
Lehramt Gymnasium,Katholische Religionslehre,KT
Lehramt Gymnasium,Katholische Religionslehre,KT
Lehramt Gymnasium,Katholische Religionslehre,KT
Lehramt Gymnasium,Lehramt,PH
Lehramt Gymnasium,Lehramt,PH
Lehramt Gymnasium,Mathematik,MI
Lehramt Gymnasium,Mathematik,MI
Lehramt Gymnasium,Mathematik,MI
Lehramt Gymnasium,Mathematik,MI
Lehramt Gymnasium,Mathematik,MI
Lehramt Gymnasium,Mathematik,MI
Lehramt Gymnasium,Philosophie,PH
Lehramt Gymnasium,Philosophie/Ethik,PH
Lehramt Gymnasium,Philosophie/Ethik,PH
Lehramt Gymnasium,Philosophie/Ethik,PH
Lehramt Gymnasium,Philosophie/Ethik,PH
Lehramt Gymnasium,Sozialkunde,PH
Lehramt Gymnasium,Sozialkunde,PH
Lehramt Gymnasium,Sozialkunde,PH
Lehramt Gymnasium,Sozialkunde,PH
Lehramt Gymnasium,Sozialkunde,PH
Lehramt Gymnasium,Sozialkunde,PH
Lehramt Gymnasium,Sozialkunde,PH
Lehramt Gymnasium,Sport,PH
Lehramt Gymnasium,Sport,PH
Lehramt Gymnasium,Sport,PH
Lehramt Gymnasium,Sport,PH
Lehramt Gymnasium,Sport,PH
Lehramt Gymnasium,Sport,PH
Lehramt Gymnasium,Wirtschaftswissenschaften,WW
Lehramt Gymnasium,Wirtschaftswissenschaften,WW
Lehramt Gymnasium,Wirtschaftswissenschaften,WW
Lehramt Gymnasium,Wirtschaftswissenschaften,WW
Lehramt Gymnasium,Wirtschaftswissenschaften,WW
Lehramt Gymnasium,Wirtschaftswissenschaften,WW
Lehramt Gymnasium,Wirtschaftswissenschaften,WW
Lehramt Hauptschule,Akkordeon,PH
Lehramt Hauptschule,Akkordeon,PH
Lehramt Hauptschule,Arbeitswirtschaftslehre,PH
Lehramt Hauptschule,Arbeitswirtschaftslehre,PH
Lehramt Hauptschule,Arbeitswirtschaftslehre,PH
Lehramt Hauptschule,Arbeitswirtschaftslehre,PH
Lehramt Hauptschule,Arbeitswirtschaftslehre,PH
Lehramt Hauptschule,Arbeitswirtschaftslehre,PH
Lehramt Hauptschule,Biologie,PH
Lehramt Hauptschule,Biologie,PH
Lehramt Hauptschule,Biologie,PH
Lehramt Hauptschule,Biologie,PH
Lehramt Hauptschule,Biologie,PH
Lehramt Hauptschule,Biologie,PH
Lehramt Hauptschule,Chemie,PH
Lehramt Hauptschule,Chemie,PH
Lehramt Hauptschule,Deutsch,PH
Lehramt Hauptschule,Deutsch,PH
Lehramt Hauptschule,Deutsch,PH
Lehramt Hauptschule,Deutsch,PH
Lehramt Hauptschule,Deutsch,PH
Lehramt Hauptschule,Deutsch,PH
Lehramt Hauptschule,Deutsch,PH
Lehramt Hauptschule,Deutsch,PH
Lehramt Hauptschule,Deutsch,PH
Lehramt Hauptschule,Englisch,PH
Lehramt Hauptschule,Englisch,PH
Lehramt Hauptschule,Englisch,PH
Lehramt Hauptschule,Englisch,PH
Lehramt Hauptschule,Englisch,PH
Lehramt Hauptschule,Englisch,PH
Lehramt Hauptschule,Englisch,PH
Lehramt Hauptschule,Englisch,PH
Lehramt Hauptschule,Englisch,PH
Lehramt Hauptschule,Erdkunde,PH
Lehramt Hauptschule,Erdkunde,PH
Lehramt Hauptschule,Erdkunde,PH
Lehramt Hauptschule,Erdkunde,PH
Lehramt Hauptschule,Erdkunde,PH
Lehramt Hauptschule,Erdkunde,PH
Lehramt Hauptschule,Ethik,PH
Lehramt Hauptschule,Ethik,PH
Lehramt Hauptschule,Ethik,PH
Lehramt Hauptschule,Ethik,PH
Lehramt Hauptschule,Ethik,PH
Lehramt Hauptschule,Ethik,PH
Lehramt Hauptschule,Ethik,PH
Lehramt Hauptschule,Ethik,PH
Lehramt Hauptschule,Evangelische Theologie,PH
Lehramt Hauptschule,Evangelische Theologie,PH
Lehramt Hauptschule,Flöte,PH
Lehramt Hauptschule,Geige,PH
Lehramt Hauptschule,Geographie,PH
Lehramt Hauptschule,Geographie,PH
Lehramt Hauptschule,Geographie,PH
Lehramt Hauptschule,Geographie,PH
Lehramt Hauptschule,Geographie,PH
Lehramt Hauptschule,Geographie,PH
Lehramt Hauptschule,Geschichte,PH
Lehramt Hauptschule,Geschichte,PH
Lehramt Hauptschule,Geschichte,PH
Lehramt Hauptschule,Geschichte,PH
Lehramt Hauptschule,Geschichte,PH
Lehramt Hauptschule,Geschichte,PH
Lehramt Hauptschule,Geschichte,PH
Lehramt Hauptschule,Geschichte,PH
Lehramt Hauptschule,Geschichte,PH
Lehramt Hauptschule,Gitarre,PH
Lehramt Hauptschule,Gitarre,PH
Lehramt Hauptschule,Gitarre,PH
Lehramt Hauptschule,Informatik,MI
Lehramt Hauptschule,Informatik,MI
Lehramt Hauptschule,Informatik,MI
Lehramt Hauptschule,Informatik,MI
Lehramt Hauptschule,Katholische Religionslehre,KT
Lehramt Hauptschule,Katholische Religionslehre,KT
Lehramt Hauptschule,Katholische Religionslehre,KT
Lehramt Hauptschule,Katholische Religionslehre,KT
Lehramt Hauptschule,Katholische Religionslehre,KT
Lehramt Hauptschule,Katholische Religionslehre,KT
Lehramt Hauptschule,Katholische Religionslehre,KT
Lehramt Hauptschule,Katholische Religionslehre,KT
Lehramt Hauptschule,Katholische Religionslehre,KT
Lehramt Hauptschule,Klavier,PH
Lehramt Hauptschule,Klavier,PH
Lehramt Hauptschule,Klavier,PH
Lehramt Hauptschule,Kunsterziehung,PH
Lehramt Hauptschule,Kunsterziehung,PH
Lehramt Hauptschule,Kunsterziehung,PH
Lehramt Hauptschule,Kunsterziehung,PH
Lehramt Hauptschule,Kunsterziehung,PH
Lehramt Hauptschule,Kunsterziehung,PH
Lehramt Hauptschule,Kunsterziehung,PH
Lehramt Hauptschule,Kunsterziehung,PH
Lehramt Hauptschule,Kunsterziehung,PH
Lehramt Hauptschule,Lehramt,PH
Lehramt Hauptschule,Lehramt,PH
Lehramt Hauptschule,Mathematik,MI
Lehramt Hauptschule,Mathematik,MI
Lehramt Hauptschule,Mathematik,MI
Lehramt Hauptschule,Mathematik,MI
Lehramt Hauptschule,Mathematik,MI
Lehramt Hauptschule,Mathematik,MI
Lehramt Hauptschule,Mathematik,MI
Lehramt Hauptschule,Mathematik,MI
Lehramt Hauptschule,Musikerziehung,PH
Lehramt Hauptschule,Musikerziehung,PH
Lehramt Hauptschule,Musikerziehung,PH
Lehramt Hauptschule,Musikerziehung,PH
Lehramt Hauptschule,Musikerziehung,PH
Lehramt Hauptschule,Musikerziehung,PH
Lehramt Hauptschule,Orgel,PH
Lehramt Hauptschule,Orgel,PH
Lehramt Hauptschule,Orgel,PH
Lehramt Hauptschule,Physik,PH
Lehramt Hauptschule,Physik,PH
Lehramt Hauptschule,Sozialkunde,PH
Lehramt Hauptschule,Sozialkunde,PH
Lehramt Hauptschule,Sozialkunde,PH
Lehramt Hauptschule,Sozialkunde,PH
Lehramt Hauptschule,Sozialkunde,PH
Lehramt Hauptschule,Sozialkunde,PH
Lehramt Hauptschule,Sozialkunde,PH
Lehramt Hauptschule,Sozialkunde,PH
Lehramt Hauptschule,Sozialkunde,PH
Lehramt Hauptschule,Sport,PH
Lehramt Hauptschule,Sport,PH
Lehramt Hauptschule,Sport,PH
Lehramt Hauptschule,Sport,PH
Lehramt Hauptschule,Sport,PH
Lehramt Hauptschule,Sport,PH
Lehramt Hauptschule,Sport,PH
Lehramt Hauptschule,Sport,PH
Lehramt Realschule,Deutsch,PH
Lehramt Realschule,Deutsch,PH
Lehramt Realschule,Deutsch,PH
Lehramt Realschule,Deutsch,PH
Lehramt Realschule,Deutsch,PH
Lehramt Realschule,Deutsch,PH
Lehramt Realschule,Deutsch,PH
Lehramt Realschule,Englisch,PH
Lehramt Realschule,Englisch,PH
Lehramt Realschule,Englisch,PH
Lehramt Realschule,Englisch,PH
Lehramt Realschule,Englisch,PH
Lehramt Realschule,Englisch,PH
Lehramt Realschule,Englisch,PH
Lehramt Realschule,Erdkunde,PH
Lehramt Realschule,Erdkunde,PH
Lehramt Realschule,Erdkunde,PH
Lehramt Realschule,Erdkunde,PH
Lehramt Realschule,Erdkunde,PH
Lehramt Realschule,Ethik,PH
Lehramt Realschule,Ethik,PH
Lehramt Realschule,Ethik,PH
Lehramt Realschule,Ethik,PH
Lehramt Realschule,Ethik,PH
Lehramt Realschule,Ethik,PH
Lehramt Realschule,Ethik,PH
Lehramt Realschule,Ethik,PH
Lehramt Realschule,Französisch,PH
Lehramt Realschule,Französisch,PH
Lehramt Realschule,Französisch,PH
Lehramt Realschule,Französisch,PH
Lehramt Realschule,Französisch,PH
Lehramt Realschule,Französisch,PH
Lehramt Realschule,Geographie,PH
Lehramt Realschule,Geographie,PH
Lehramt Realschule,Geographie,PH
Lehramt Realschule,Geographie,PH
Lehramt Realschule,Geschichte,PH
Lehramt Realschule,Geschichte,PH
Lehramt Realschule,Geschichte,PH
Lehramt Realschule,Geschichte,PH
Lehramt Realschule,Geschichte,PH
Lehramt Realschule,Geschichte,PH
Lehramt Realschule,Geschichte,PH
Lehramt Realschule,Informatik,MI
Lehramt Realschule,Informatik,MI
Lehramt Realschule,Informatik,MI
Lehramt Realschule,Informatik,MI
Lehramt Realschule,Informatik,MI
Lehramt Realschule,Informatik,MI
Lehramt Realschule,Katholische Religionslehre,KT
Lehramt Realschule,Katholische Religionslehre,KT
Lehramt Realschule,Katholische Religionslehre,KT
Lehramt Realschule,Katholische Religionslehre,KT
Lehramt Realschule,Katholische Religionslehre,KT
Lehramt Realschule,Katholische Religionslehre,KT
Lehramt Realschule,Katholische Religionslehre,KT
Lehramt Realschule,Kunsterziehung,PH
Lehramt Realschule,Kunsterziehung,PH
Lehramt Realschule,Kunsterziehung,PH
Lehramt Realschule,Kunsterziehung,PH
Lehramt Realschule,Kunsterziehung,PH
Lehramt Realschule,Kunsterziehung,PH
Lehramt Realschule,Kunsterziehung,PH
Lehramt Realschule,Lehramt,PH
Lehramt Realschule,Lehramt,PH
Lehramt Realschule,Mathematik,MI
Lehramt Realschule,Mathematik,MI
Lehramt Realschule,Mathematik,MI
Lehramt Realschule,Mathematik,MI
Lehramt Realschule,Sozialkunde,PH
Lehramt Realschule,Sozialkunde,PH
Lehramt Realschule,Sozialkunde,PH
Lehramt Realschule,Sozialkunde,PH
Lehramt Realschule,Sozialkunde,PH
Lehramt Realschule,Sozialkunde,PH
Lehramt Realschule,Sozialkunde,PH
Lehramt Realschule,Sport,PH
Lehramt Realschule,Sport,PH
Lehramt Realschule,Sport,PH
Lehramt Realschule,Sport,PH
Lehramt Realschule,Wirtschaftswissenschaften,WW
Lehramt Realschule,Wirtschaftswissenschaften,WW
Lehramt Realschule,Wirtschaftswissenschaften,WW
Lehramt Realschule,Wirtschaftswissenschaften,WW
Lehramt Realschule,Wirtschaftswissenschaften,WW
Lehramt Realschule,Wirtschaftswissenschaften,WW
Lehramt an Mittelschulen,Akkordeon,PH
Lehramt an Mittelschulen,Arbeitswirtschaftslehre,PH
Lehramt an Mittelschulen,Arbeitswirtschaftslehre,PH
Lehramt an Mittelschulen,Biologie,PH
Lehramt an Mittelschulen,Biologie,PH
Lehramt an Mittelschulen,Deutsch,PH
Lehramt an Mittelschulen,Deutsch,PH
Lehramt an Mittelschulen,Deutsch,PH
Lehramt an Mittelschulen,Englisch,PH
Lehramt an Mittelschulen,Englisch,PH
Lehramt an Mittelschulen,Englisch,PH
Lehramt an Mittelschulen,Ethik,PH
Lehramt an Mittelschulen,Geographie,PH
Lehramt an Mittelschulen,Geographie,PH
Lehramt an Mittelschulen,Geographie,PH
Lehramt an Mittelschulen,Geschichte,PH
Lehramt an Mittelschulen,Geschichte,PH
Lehramt an Mittelschulen,Geschichte,PH
Lehramt an Mittelschulen,Gitarre,PH
Lehramt an Mittelschulen,Informatik,MI
Lehramt an Mittelschulen,Informatik,MI
Lehramt an Mittelschulen,Katholische Religionslehre,KT
Lehramt an Mittelschulen,Katholische Religionslehre,KT
Lehramt an Mittelschulen,Katholische Religionslehre,KT
Lehramt an Mittelschulen,Klavier,PH
Lehramt an Mittelschulen,Kunsterziehung,PH
Lehramt an Mittelschulen,Kunsterziehung,PH
Lehramt an Mittelschulen,Kunsterziehung,PH
Lehramt an Mittelschulen,Lehramt,PH
Lehramt an Mittelschulen,Mathematik,MI
Lehramt an Mittelschulen,Mathematik,MI
Lehramt an Mittelschulen,Mathematik,MI
Lehramt an Mittelschulen,Musikerziehung,PH
Lehramt an Mittelschulen,Musikerziehung,PH
Lehramt an Mittelschulen,Orgel,PH
Lehramt an Mittelschulen,Sozialkunde,PH
Lehramt an Mittelschulen,Sozialkunde,PH
Lehramt an Mittelschulen,Sozialkunde,PH
Lehramt an Mittelschulen,Sport,PH
Lehramt an Mittelschulen,Sport,PH
Lehramt an Mittelschulen,Sport,PH
Lehramt nicht vertieft,Deutsch,PH
Magister,Allgemeine Sprachwissenschaft,PH
Magister,Allgemeine Sprachwissenschaft,PH
Magister,Allgemeine Sprachwissenschaft,PH
Magister,Alte Geschichte,PH
Magister,Alte Geschichte,PH
Magister,Alte Geschichte,PH
Magister,Amerikanistik,PH
Magister,Amerikanistik,PH
Magister,Amerikanistik,PH
Magister,Anglistik/Literaturwissenschaft,PH
Magister,Anglistik/Literaturwissenschaft,PH
Magister,Anglistik/Literaturwissenschaft,PH
Magister,Anglistik/Sprachwissenschaft,PH
Magister,Anglistik/Sprachwissenschaft,PH
Magister,Anglistik/Sprachwissenschaft,PH
Magister,Archäologie der römischen Provinzen,PH
Magister,Archäologie der römischen Provinzen,PH
Magister,Archäologie der römischen Provinzen,PH
Magister,Bayerische Landesgeschichte,PH
Magister,Bayerische Landesgeschichte,PH
Magister,Bayerische Landesgeschichte,PH
Magister,Deutsche Literaturwissenschaft,PH
Magister,Deutsche Literaturwissenschaft,PH
Magister,Deutsche Literaturwissenschaft,PH
Magister,Deutsche Sprachwissenschaft,PH
Magister,Deutsche Sprachwissenschaft,PH
Magister,Deutsche Sprachwissenschaft,PH
Magister,Didaktik Biologie,PH
Magister,Didaktik Biologie,PH
Magister,Didaktik Biologie,PH
Magister,Didaktik Deutsch,PH
Magister,Didaktik Deutsch,PH
Magister,Didaktik Deutsch,PH
Magister,Didaktik Englisch,PH
Magister,Didaktik Englisch,PH
Magister,Didaktik Englisch,PH
Magister,Didaktik Geschichte,PH
Magister,Didaktik Geschichte,PH
Magister,Didaktik Geschichte,PH
Magister,Englische Kulturwissenschaft,PH
Magister,Englische Kulturwissenschaft,PH
Magister,Englische Kulturwissenschaft,PH
Magister,Evangelische Theologie,PH
Magister,Flöte,PH
Magister,Geographie,PH
Magister,Geographie,PH
Magister,Geographie,PH
Magister,Grundschuldidaktik,PH
Magister,Grundschuldidaktik,PH
Magister,Grundschuldidaktik,PH
Magister,Historische Hilfswissenschaften,PH
Magister,Historische Hilfswissenschaften,PH
Magister,Informatik,MI
Magister,Informatik,MI
Magister,Katholische Theologie,KT
Magister,Katholische Theologie,KT
Magister,Klavier,PH
Magister,Kunsterziehung,PH
Magister,Kunsterziehung,PH
Magister,Kunsterziehung,PH
Magister,Kunstgeschichte,PH
Magister,Kunstgeschichte,PH
Magister,Kunstgeschichte,PH
Magister,Magister Legum Rechtswissenschaft,JU
Magister,Magister Legum Rechtswissenschaft,JU
Magister,Mathematik,MI
Magister,Mathematik,MI
Magister,Mittlere u. neuere Geschichte,PH
Magister,Mittlere u. neuere Geschichte,PH
Magister,Mittlere u. neuere Geschichte,PH
Magister,Musikpädagogik,PH
Magister,Musikpädagogik,PH
Magister,Musikpädagogik,PH
Magister,Philosophie,PH
Magister,Philosophie,PH
Magister,Philosophie,PH
Magister,Politische Wissenschaften,PH
Magister,Politische Wissenschaften,PH
Magister,Politische Wissenschaften,PH
Magister,Psychologie,PH
Magister,Psychologie,PH
Magister,Psychologie,PH
Magister,Pädagogik,PH
Magister,Pädagogik,PH
Magister,Pädagogik,PH
Magister,Rechtswissenschaft,JU
Magister,Rechtswissenschaft,JU
Magister,Romanische Kulturwissenschaft Französisch,PH
Magister,Romanische Kulturwissenschaft Französisch,PH
Magister,Romanische Kulturwissenschaft Französisch,PH
Magister,Romanische Kulturwissenschaft Italienisch,PH
Magister,Romanische Kulturwissenschaft Italienisch,PH
Magister,Romanische Kulturwissenschaft Italienisch,PH
Magister,Romanische Kulturwissenschaft Spanisch,PH
Magister,Romanische Kulturwissenschaft Spanisch,PH
Magister,Romanische Kulturwissenschaft Spanisch,PH
Magister,Romanische Literaturwissenschaft,PH
Magister,Romanische Literaturwissenschaft,PH
Magister,Romanische Literaturwissenschaft,PH
Magister,Romanische Literaturwissenschaft Französisch,PH
Magister,Romanische Literaturwissenschaft Französisch,PH
Magister,Romanische Literaturwissenschaft Französisch,PH
Magister,Romanische Literaturwissenschaft Italienisch,PH
Magister,Romanische Literaturwissenschaft Italienisch,PH
Magister,Romanische Literaturwissenschaft Italienisch,PH
Magister,Romanische Literaturwissenschaft Portugiesisch,PH
Magister,Romanische Literaturwissenschaft Spanisch,PH
Magister,Romanische Literaturwissenschaft Spanisch,PH
Magister,Romanische Literaturwissenschaft Spanisch,PH
Magister,Romanische Sprachwissenschaft,PH
Magister,Romanische Sprachwissenschaft,PH
Magister,Romanische Sprachwissenschaft Italienisch,PH
Magister,Romanische Sprachwissenschaft Italienisch,PH
Magister,Romanische Sprachwissenschaft Italienisch,PH
Magister,Romanische Sprachwissenschaft Spanisch,PH
Magister,Romanische Sprachwissenschaft Spanisch,PH
Magister,Romanische Sprachwissenschaft Spanisch,PH
Magister,Romansiche Sprachwissenschaft Französisch,PH
Magister,Romansiche Sprachwissenschaft Französisch,PH
Magister,Romansiche Sprachwissenschaft Französisch,PH
Magister,Schul-/Musikpädagogik,PH
Magister,Schul-/Musikpädagogik,PH
Magister,Schul-/Musikpädagogik,PH
Magister,Schulpädagogik,PH
Magister,Schulpädagogik,PH
Magister,Schulpädagogik,PH
Magister,Soziologie,PH
Magister,Soziologie,PH
Magister,Soziologie,PH
Magister,Statistik,WW
Magister,Südostasienkunde,PH
Magister,Südostasienkunde,PH
Magister,Südostasienkunde,PH
Magister,Volkskunde,PH
Magister,Volkskunde,PH
Magister,Volkskunde,PH
Magister,Wahl eines weiteren Nebenfaches,PH
Magister,Wirtschaftswissenschaften,WW
Magister,Wirtschaftswissenschaften,WW
Master,Business Administration,WW
Master,Caritaswissenschaften,KT
Master,Caritaswissenschaften,KT
Master,Caritaswissenschaften,KT
Master,Deutsches Recht für ausländische Studierende,JU
Master,Deutsches Recht für ausländische Studierende,JU
Master,Europarecht,JU
Master,European Studies,PH
Master,European Studies,PH
Master,European Studies,PH
Master,Europäisches Recht,JU
Master,Europäisches Wirtschafts- und Regulierungsrecht,JU
Master,"Geographie: Kultur, Umwelt und Tourismus",PH
Master,Geschichte,PH
Master,IT-Sicherheit,MI
Master,Informatik,MI
Master,Informatik,MI
Master,Informatik,MI
Master,International Cultural and Business Studies,PH
Master,International Cultural and Business Studies,PH
Master,International Economics and Business,WW
Master,Medien und Kommunikation,PH
Master,Medien und Kommunikation,PH
Master,Medien und Kommunikation,PH
Master,North and Latin American Studies,PH
Master,Russian and East Central European Studies,PH
Master,Schulische Bildungs- und Erziehungsprozesse,PH
Master,Staatswissenschaft,PH
Master,Staatswissenschaft,PH
Master,Staatswissenschaft,PH
Master,Südostasienkunde,PH
Master,Text- und Kultursemiotik,PH
Master,Text- und Kultursemiotik,PH
Master,Wirtschaftsinformatik,WW
Master of Education,Deutsch,PH
Master of Education,Deutsch,PH
Master of Education,Deutsch,PH
Master of Education,Deutsch,PH
Master of Education,Englisch,PH
Master of Education,Englisch,PH
Master of Education,Englisch,PH
Master of Education,Englisch,PH
Master of Education,Erdkunde,PH
Master of Education,Erdkunde,PH
Master of Education,Französisch,PH
Master of Education,Französisch,PH
Master of Education,Französisch,PH
Master of Education,Französisch,PH
Master of Education,Geographie,PH
Master of Education,Geographie,PH
Master of Education,Geographie,PH
Master of Education,Geographie,PH
Master of Education,Geschichte,PH
Master of Education,Geschichte,PH
Master of Education,Geschichte,PH
Master of Education,Geschichte,PH
Master of Education,Informatik,MI
Master of Education,Informatik,MI
Master of Education,Informatik,MI
Master of Education,Informatik,MI
Master of Education,Katholische Religionslehre,KT
Master of Education,Katholische Religionslehre,KT
Master of Education,Katholische Religionslehre,KT
Master of Education,Katholische Religionslehre,KT
Master of Education,Kunsterziehung,PH
Master of Education,Kunsterziehung,PH
Master of Education,Kunsterziehung,PH
Master of Education,Kunsterziehung,PH
Master of Education,Mathematik,PH
Master of Education,Mathematik,PH
Master of Education,Schulische Bildungs- und Erziehungsprozesse,PH
Master of Education,Schulische Bildungs- und Erziehungsprozesse,PH
Master of Education,Sozialkunde,PH
Master of Education,Sozialkunde,PH
Master of Education,Sozialkunde,PH
Master of Education,Sozialkunde,PH
Master of Education,Wirtschaftswissenschaften,WW
Master of Education,Wirtschaftswissenschaften,WW
Master of Education,Wirtschaftswissenschaften,WW
Master of Education,Wirtschaftswissenschaften,WW
Passau,Betriebswirtschaftslehre,WW
Promotion Grad.kolleg,Allgemeine Sprachwissenschaft,PH
Promotion Grad.kolleg,Alte Geschichte,PH
Promotion Grad.kolleg,Amerikanistik,PH
Promotion Grad.kolleg,Anglistik/Literaturwissenschaft,PH
Promotion Grad.kolleg,Anglistik/Sprachwissenschaft,PH
Promotion Grad.kolleg,Archäologie der römischen Provinzen,PH
Promotion Grad.kolleg,Bayerische Landesgeschichte,PH
Promotion Grad.kolleg,Betriebswirtschaftslehre,WW
Promotion Grad.kolleg,Bildungswissenschaften,PH
Promotion Grad.kolleg,Bildwissenschaften,PH
Promotion Grad.kolleg,Caritaswissenschaften,KT
Promotion Grad.kolleg,Deutsche Literaturwissenschaft,PH
Promotion Grad.kolleg,Deutsche Sprachwissenschaft,PH
Promotion Grad.kolleg,Didaktik Biologie,PH
Promotion Grad.kolleg,Didaktik Deutsch,PH
Promotion Grad.kolleg,Didaktik Englisch,PH
Promotion Grad.kolleg,Didaktik Geschichte,PH
Promotion Grad.kolleg,Didaktik Mathematik,PH
Promotion Grad.kolleg,Didaktik Sozialkunde,PH
Promotion Grad.kolleg,Digital Humanities,PH
Promotion Grad.kolleg,Englische Kulturwissenschaft,PH
Promotion Grad.kolleg,Erziehungswissenschaft,PH
Promotion Grad.kolleg,Ethnologie,PH
Promotion Grad.kolleg,European Studies,PH
Promotion Grad.kolleg,Evangelische Theologie,PH
Promotion Grad.kolleg,Geographie,PH
Promotion Grad.kolleg,Grundschuldidaktik,PH
Promotion Grad.kolleg,Informatik,MI
Promotion Grad.kolleg,Interkulturelle Kommunikation,PH
Promotion Grad.kolleg,International Cultural and Business Studies,PH
Promotion Grad.kolleg,Journalistik,PH
Promotion Grad.kolleg,Katholische Theologie,KT
Promotion Grad.kolleg,Katholische Theologie: Caritaswissenschaft u. wertorient. Management,KT
Promotion Grad.kolleg,Katholische Theologie: Dogmatik und Dogmengeschichte,KT
Promotion Grad.kolleg,Katholische Theologie: Exegese und Biblische Theologie,KT
Promotion Grad.kolleg,Katholische Theologie: Fundamentaltheologie,KT
Promotion Grad.kolleg,Katholische Theologie: Kirchengeschichte,KT
Promotion Grad.kolleg,Katholische Theologie: Religionspädagogik u. Didaktik d. Religionsunterrichts,KT
Promotion Grad.kolleg,Katholische Theologie: Theologische Ethik,KT
Promotion Grad.kolleg,Kommunikationswissenschaft,PH
Promotion Grad.kolleg,Kunsterziehung,PH
Promotion Grad.kolleg,Kunstgeschichte,PH
Promotion Grad.kolleg,Mathematik,MI
Promotion Grad.kolleg,Medienwissenschaft,PH
Promotion Grad.kolleg,Mittlere u. neuere Geschichte,PH
Promotion Grad.kolleg,Musikpädagogik,PH
Promotion Grad.kolleg,Osteuropäische Geschichte,PH
Promotion Grad.kolleg,Philosophie,PH
Promotion Grad.kolleg,Politikwissenschaft,PH
Promotion Grad.kolleg,Politische Wissenschaften,PH
Promotion Grad.kolleg,Psychologie,PH
Promotion Grad.kolleg,Pädagogik,PH
Promotion Grad.kolleg,Rechtswissenschaft,JU
Promotion Grad.kolleg,Romanische Kulturwissenschaft,PH
Promotion Grad.kolleg,Romanische Literatur- und Kulturwissenschaft,PH
Promotion Grad.kolleg,Romanische Literaturwissenschaft,PH
Promotion Grad.kolleg,Romanische Sprachwissenschaft,PH
Promotion Grad.kolleg,Romanische Sprachwissenschaft Italienisch,PH
Promotion Grad.kolleg,Romanische Sprachwissenschaft Spanisch,PH
Promotion Grad.kolleg,Romansiche Sprachwissenschaft Französisch,PH
Promotion Grad.kolleg,Schulpädagogik,PH
Promotion Grad.kolleg,Slavische Kulturwissenschaft,PH
Promotion Grad.kolleg,Slavische Literaturwissenschaft,PH
Promotion Grad.kolleg,Soziologie,PH
Promotion Grad.kolleg,Sport,PH
Promotion Grad.kolleg,Südostasienforschung,PH
Promotion Grad.kolleg,Südostasienkunde,PH
Promotion Grad.kolleg,Volkskunde,PH
Promotion Grad.kolleg,Volkswirtschaftslehre,WW
Promotion Grad.kolleg,Wirtschaftsinformatik,WW
Promotion mit Abschluss,Allgemeine Sprachwissenschaft,PH
Promotion mit Abschluss,Allgemeine Sprachwissenschaft,PH
Promotion mit Abschluss,Allgemeine Sprachwissenschaft,PH
Promotion mit Abschluss,Alte Geschichte,PH
Promotion mit Abschluss,Alte Geschichte,PH
Promotion mit Abschluss,Alte Geschichte,PH
Promotion mit Abschluss,Amerikanistik,PH
Promotion mit Abschluss,Amerikanistik,PH
Promotion mit Abschluss,Amerikanistik,PH
Promotion mit Abschluss,Angewandte Fremdsprachen,PH
Promotion mit Abschluss,Angewandte Fremdsprachen,PH
Promotion mit Abschluss,Anglistik/Literaturwissenschaft,PH
Promotion mit Abschluss,Anglistik/Literaturwissenschaft,PH
Promotion mit Abschluss,Anglistik/Literaturwissenschaft,PH
Promotion mit Abschluss,Anglistik/Sprachwissenschaft,PH
Promotion mit Abschluss,Anglistik/Sprachwissenschaft,PH
Promotion mit Abschluss,Anglistik/Sprachwissenschaft,PH
Promotion mit Abschluss,Archäologie der römischen Provinzen,PH
Promotion mit Abschluss,Archäologie der römischen Provinzen,PH
Promotion mit Abschluss,Archäologie der römischen Provinzen,PH
Promotion mit Abschluss,Bayerische Landesgeschichte,PH
Promotion mit Abschluss,Bayerische Landesgeschichte,PH
Promotion mit Abschluss,Bayerische Landesgeschichte,PH
Promotion mit Abschluss,Betriebswirtschaftslehre,WW
Promotion mit Abschluss,Bildungswissenschaften,PH
Promotion mit Abschluss,Bildwissenschaften,PH
Promotion mit Abschluss,Caritaswissenschaften,KT
Promotion mit Abschluss,Computerlinguistik,PH
Promotion mit Abschluss,Computerlinguistik,PH
Promotion mit Abschluss,Deutsche Literaturwissenschaft,PH
Promotion mit Abschluss,Deutsche Literaturwissenschaft,PH
Promotion mit Abschluss,Deutsche Literaturwissenschaft,PH
Promotion mit Abschluss,Deutsche Sprachwissenschaft,PH
Promotion mit Abschluss,Deutsche Sprachwissenschaft,PH
Promotion mit Abschluss,Deutsche Sprachwissenschaft,PH
Promotion mit Abschluss,Didaktik Biologie,PH
Promotion mit Abschluss,Didaktik Biologie,PH
Promotion mit Abschluss,Didaktik Biologie,PH
Promotion mit Abschluss,Didaktik Deutsch,PH
Promotion mit Abschluss,Didaktik Deutsch,PH
Promotion mit Abschluss,Didaktik Deutsch,PH
Promotion mit Abschluss,Didaktik Englisch,PH
Promotion mit Abschluss,Didaktik Englisch,PH
Promotion mit Abschluss,Didaktik Englisch,PH
Promotion mit Abschluss,Didaktik Geschichte,PH
Promotion mit Abschluss,Didaktik Geschichte,PH
Promotion mit Abschluss,Didaktik Geschichte,PH
Promotion mit Abschluss,Didaktik Mathematik,PH
Promotion mit Abschluss,Didaktik Mathematik,PH
Promotion mit Abschluss,Didaktik Mathematik,PH
Promotion mit Abschluss,Didaktik Sozialkunde,PH
Promotion mit Abschluss,Digital Humanities,PH
Promotion mit Abschluss,Elektrotechnik,MI
Promotion mit Abschluss,Elektrotechnik,MI
Promotion mit Abschluss,Englische Kulturwissenschaft,PH
Promotion mit Abschluss,Englische Kulturwissenschaft,PH
Promotion mit Abschluss,Englische Kulturwissenschaft,PH
Promotion mit Abschluss,Erziehungswissenschaft,PH
Promotion mit Abschluss,Ethnologie,PH
Promotion mit Abschluss,European Studies,PH
Promotion mit Abschluss,Evangelische Theologie,PH
Promotion mit Abschluss,Geographie,PH
Promotion mit Abschluss,Geographie,PH
Promotion mit Abschluss,Geographie,PH
Promotion mit Abschluss,Grundschuldidaktik,PH
Promotion mit Abschluss,Grundschuldidaktik,PH
Promotion mit Abschluss,Grundschuldidaktik,PH
Promotion mit Abschluss,Historische Hilfswissenschaften,PH
Promotion mit Abschluss,Historische Hilfswissenschaften,PH
Promotion mit Abschluss,Informatik,MI
Promotion mit Abschluss,Informatik,MI
Promotion mit Abschluss,Interkulturelle Kommunikation,PH
Promotion mit Abschluss,International Cultural and Business Studies,PH
Promotion mit Abschluss,Journalistik,PH
Promotion mit Abschluss,Katholische Theologie,KT
Promotion mit Abschluss,Katholische Theologie,KT
Promotion mit Abschluss,Katholische Theologie,KT
Promotion mit Abschluss,Katholische Theologie: Caritaswissenschaft u. wertorient. Management,KT
Promotion mit Abschluss,Katholische Theologie: Dogmatik und Dogmengeschichte,KT
Promotion mit Abschluss,Katholische Theologie: Exegese und Biblische Theologie,KT
Promotion mit Abschluss,Katholische Theologie: Fundamentaltheologie,KT
Promotion mit Abschluss,Katholische Theologie: Kirchengeschichte,KT
Promotion mit Abschluss,Katholische Theologie: Religionspädagogik u. Didaktik d. Religionsunterrichts,KT
Promotion mit Abschluss,Katholische Theologie: Theologische Ethik,KT
Promotion mit Abschluss,Kommunikationswissenschaft,PH
Promotion mit Abschluss,Kunsterziehung,PH
Promotion mit Abschluss,Kunsterziehung,PH
Promotion mit Abschluss,Kunsterziehung,PH
Promotion mit Abschluss,Kunstgeschichte,PH
Promotion mit Abschluss,Kunstgeschichte,PH
Promotion mit Abschluss,Kunstgeschichte,PH
Promotion mit Abschluss,Mathematik,MI
Promotion mit Abschluss,Mathematik,MI
Promotion mit Abschluss,Medien und Design,PH
Promotion mit Abschluss,Medien und Design,PH
Promotion mit Abschluss,Medienwissenschaft,PH
Promotion mit Abschluss,Medienwissenschaft,PH
Promotion mit Abschluss,Medienwissenschaft,PH
Promotion mit Abschluss,Medizinische Informatik,MI
Promotion mit Abschluss,Mittlere u. neuere Geschichte,PH
Promotion mit Abschluss,Mittlere u. neuere Geschichte,PH
Promotion mit Abschluss,Mittlere u. neuere Geschichte,PH
Promotion mit Abschluss,Musikpädagogik,PH
Promotion mit Abschluss,Musikpädagogik,PH
Promotion mit Abschluss,Musikpädagogik,PH
Promotion mit Abschluss,Osteuropäische Geschichte,PH
Promotion mit Abschluss,Philosophie,PH
Promotion mit Abschluss,Philosophie,PH
Promotion mit Abschluss,Philosophie,PH
Promotion mit Abschluss,Politikwissenschaft,PH
Promotion mit Abschluss,Politische Wissenschaften,PH
Promotion mit Abschluss,Politische Wissenschaften,PH
Promotion mit Abschluss,Politische Wissenschaften,PH
Promotion mit Abschluss,Psychologie,PH
Promotion mit Abschluss,Psychologie,PH
Promotion mit Abschluss,Psychologie,PH
Promotion mit Abschluss,Pädagogik,PH
Promotion mit Abschluss,Pädagogik,PH
Promotion mit Abschluss,Pädagogik,PH
Promotion mit Abschluss,Rechtswissenschaft,JU
Promotion mit Abschluss,Rechtswissenschaft,JU
Promotion mit Abschluss,Romanische Kulturwissenschaft,PH
Promotion mit Abschluss,Romanische Kulturwissenschaft Französisch,PH
Promotion mit Abschluss,Romanische Kulturwissenschaft Französisch,PH
Promotion mit Abschluss,Romanische Kulturwissenschaft Französisch,PH
Promotion mit Abschluss,Romanische Kulturwissenschaft Italienisch,PH
Promotion mit Abschluss,Romanische Kulturwissenschaft Italienisch,PH
Promotion mit Abschluss,Romanische Kulturwissenschaft Italienisch,PH
Promotion mit Abschluss,Romanische Kulturwissenschaft Spanisch,PH
Promotion mit Abschluss,Romanische Kulturwissenschaft Spanisch,PH
Promotion mit Abschluss,Romanische Kulturwissenschaft Spanisch,PH
Promotion mit Abschluss,Romanische Literatur- und Kulturwissenschaft,PH
Promotion mit Abschluss,Romanische Literaturwissenschaft,PH
Promotion mit Abschluss,Romanische Literaturwissenschaft Französisch,PH
Promotion mit Abschluss,Romanische Literaturwissenschaft Französisch,PH
Promotion mit Abschluss,Romanische Literaturwissenschaft Französisch,PH
Promotion mit Abschluss,Romanische Literaturwissenschaft Italienisch,PH
Promotion mit Abschluss,Romanische Literaturwissenschaft Italienisch,PH
Promotion mit Abschluss,Romanische Literaturwissenschaft Italienisch,PH
Promotion mit Abschluss,Romanische Literaturwissenschaft Spanisch,PH
Promotion mit Abschluss,Romanische Literaturwissenschaft Spanisch,PH
Promotion mit Abschluss,Romanische Literaturwissenschaft Spanisch,PH
Promotion mit Abschluss,Romanische Sprachwissenschaft,PH
Promotion mit Abschluss,Romanische Sprachwissenschaft Italienisch,PH
Promotion mit Abschluss,Romanische Sprachwissenschaft Italienisch,PH
Promotion mit Abschluss,Romanische Sprachwissenschaft Italienisch,PH
Promotion mit Abschluss,Romanische Sprachwissenschaft Spanisch,PH
Promotion mit Abschluss,Romanische Sprachwissenschaft Spanisch,PH
Promotion mit Abschluss,Romanische Sprachwissenschaft Spanisch,PH
Promotion mit Abschluss,Romansiche Sprachwissenschaft Französisch,PH
Promotion mit Abschluss,Romansiche Sprachwissenschaft Französisch,PH
Promotion mit Abschluss,Romansiche Sprachwissenschaft Französisch,PH
Promotion mit Abschluss,Schul-/Musikpädagogik,PH
Promotion mit Abschluss,Schul-/Musikpädagogik,PH
Promotion mit Abschluss,Schul-/Musikpädagogik,PH
Promotion mit Abschluss,Schulpädagogik,PH
Promotion mit Abschluss,Schulpädagogik,PH
Promotion mit Abschluss,Schulpädagogik,PH
Promotion mit Abschluss,Slavische Kulturwissenschaft,PH
Promotion mit Abschluss,Slavische Literaturwissenschaft,PH
Promotion mit Abschluss,Soziologie,PH
Promotion mit Abschluss,Soziologie,PH
Promotion mit Abschluss,Soziologie,PH
Promotion mit Abschluss,Sport,PH
Promotion mit Abschluss,"Sprachen,Wirtschaft und Kulturraumwissenschaften",PH
Promotion mit Abschluss,Statistik,WW
Promotion mit Abschluss,Statistik,WW
Promotion mit Abschluss,Südostasienforschung,PH
Promotion mit Abschluss,Südostasienkunde,PH
Promotion mit Abschluss,Südostasienkunde,PH
Promotion mit Abschluss,Südostasienkunde,PH
Promotion mit Abschluss,Volkskunde,PH
Promotion mit Abschluss,Volkskunde,PH
Promotion mit Abschluss,Volkskunde,PH
Promotion mit Abschluss,Volkswirtschaftslehre,WW
Promotion mit Abschluss,Wirtschaftsinformatik,WW
Promotion mit Abschluss,Wirtschaftswissenschaften,WW
Promotion mit Abschluss,Wirtschaftswissenschaften,WW
Promotion mit Abschluss,Wirtschaftswissenschaften,WW
Staatsexamen,Rechtswissenschaft,JU
Überbrückungsangebot G9,Überbrückungsangebot Jura,JU
